fold,penalty
Fold1,7.880462815669921e-4
Fold2,1e-10
Fold3,3.290344562312671e-5
Fold4,7.27895384398316e-5
Fold5,0.0038566204211634724
