fold,penalty
Fold1,7.27895384398316e-5
Fold2,7.27895384398316e-5
Fold3,7.27895384398316e-5
Fold4,1e-10
Fold5,1.6102620275609426e-4
